sid,R_Squared,F_Value,F_P_value,Last Resid
002118,0.7359577886451797,222.05276772941357,8.25156451912728e-69,-0.8773455522575966
