sid,R_Squared,F_Value,F_P_value,Last Resid,Last Fitted Value,percent
600096,0.9660019319382842,4527.207473753112,0.0,-3.2830826311525136,22.323082631152513,-0.14707120362359255
