sid,diff,ratio,mse,mse_median
002118,0.1680639769386718,0.06133721786082913,0.03684517155364686,0.00877628183036721
