{"quant_buttom": {"high": [0.03157900196473662, 0.018381716400157844, 0.016172491148951362, 0.016286629773138106, 0.011515809267855337, 0.014956402780053724, 0.01460851390112139, 0.01721441875004337, 0.015427721586491305, 0.01676339297517737, 0.011986829600108884, 0.01481022969750656, 0.013527116103208003, 0.020036455027392597, 0.03109868047257125, 0.0241237482862513, 0.032194465343056144, 0.03294974545575702, 0.03146345428229336, 0.03990656525740155, 0.04335795760266681, 0.045439795875916955, 0.046348304636263604, 0.04290542031745104, 0.03533018957755596, 0.037304957482503065, 0.04040512346539926, 0.03916504130414178, 0.031683136904758546, 0.026591687529968544], "low": [-0.019805705609579394, -0.025284073021540343, -0.028668262552312362, -0.024722930364048268, -0.03157893179595728, -0.03460830388060332, -0.025830233305333072, -0.029864965809441646, -0.026150626467234317, -0.023084538635237406, -0.027322336026204153, -0.028012496095175532, -0.027461852717974966, -0.02636363289572974, -0.020000024275346195, -0.01752277055155904, -0.016341447657037267, -0.01202543848048565, -0.009090943769975324, 0.0036136235569332875, -0.000232735608619139, 0.0014367459755559864, 0.0060652676213388546, -0.008064470231593512, -0.005539487950398603, -0.0027108099361630167, -0.006743708482896182, -0.0005113898606888823, -0.015377663645504747, -0.012211689294900463], "close": [0.0, -0.0025107276982445637, -0.0034100565570356345, -0.005880837091458702, -0.009901006719154726, -0.005918038605140841, -0.004474268873658316, -0.0017131383261171917, -0.008306428597632864, -0.002165290333387415, -0.005353339391649725, -0.005494526224051555, -0.008665544350111687, 0.00010765982844729294, 0.0033736606440888384, 0.0018182234330610392, 0.010183950739276248, 0.007394719074560463, 0.012195126716621818, 0.02171724371144701, 0.027673456872247204, 0.02658045140310006, 0.027301122449404636, 0.01581396058548301, 0.020634090508158565, 0.00840710653919996, 0.026355944183204194, 0.015998987355975602, 0.013116191776265218, 0.011338255588259516]}, "quant_top": {"high": [0.0129980951712092, 0.028208744103764172, 0.02508650097978493, 0.023265293666294706, 0.022505822021923416, 0.025423728813559254, 0.02076352710019158, 0.020279774497709457, 0.024340430726396356, 0.019209681375410126, 0.028520471230697897, 0.037499970080805856, 0.03354294441362393, 0.029805739164650458, 0.028691436519483915, 0.025883546730420814, 0.032746140056337136, 0.018215006491586694, 0.02907827592988177, 0.01922126032778948, 0.015151521590735628, 0.017368417037160855, 0.012524615684091467, 0.007669616519174083, 0.0166498450447623, 0.015252723805069923, 0.01289554425139916, 0.015114178780173848, 0.017288143351926744, 0.021587000483960228], "low": [-0.044998422590654785, -0.02640447723731565, -0.02364396035341132, -0.02798509172220498, -0.027518663147916955, -0.0261714736680575, -0.027249011684411295, -0.025191711605826006, -0.016940533385941703, -0.0240272123699401, -0.019300693722201, -0.01561107851376875, -0.008483554731397391, -0.01438847588157588, -0.018704984341216147, -0.01506979299146094, -0.011725300196404498, -0.021095283870211423, -0.02431865469304928, -0.025090596011288047, -0.02589925658683656, -0.025606008076374143, -0.02828858292025993, -0.027201148711353373, -0.0301407068815297, -0.024460374693846543, -0.029135995360019873, -0.02207001174093537, -0.02697169309778158, -0.01980202827772426], "close": [0.0, 0.0008453278906448425, 0.000547357888958766, -0.0005912047496643424, -0.0013631161973356454, 0.0024733730736157256, -0.007607789785994967, -0.0041771252814912785, 0.002197747609997913, -0.0012092159971940353, 0.006600685411728646, 0.010749885078992438, 0.010848595300438468, 0.0074230851069856385, 0.007908557753509404, 0.008837180913880971, 0.004946695485919861, 0.0038952441560065054, -0.01289153075436067, -0.007381405489972681, -0.0036182614181871076, -0.004971813660953117, 0.0, -0.013921116182692983, -0.013991913150637414, -0.009450811349954735, -0.0036496315432303916, -0.0017188086514661194, -0.0001889691323030407, 0.0033156313375737323]}, "ratio_top": {"high": [0.017289928770554575, 0.03634757701843094, 0.03275582480579642, 0.02265849205969972, 0.01730012693980787, 0.014947397832533849, 0.006281300651652444, 0.010235986704381972, -0.0015544573071056833, -0.01103308910719114, -0.0003602689880668475, 0.002333290711681313, 0.012744179152712753, 0.01728933437365665, 0.018632522193316348, 0.01208401509422119, 0.00911921067598609, 0.008171404802526094, -0.009197077058300307, -0.006950557193027285, -0.007497366468053768, 0.004393970085411203, -0.008941397821228492, -0.0028907263937707484, -0.0059121009383721335, -0.007054548845228936, 0.00581412969776407, -0.0012315083482679068, -0.010294450600095928, -0.003211946551671896], "low": [-0.056891542561902986, -0.030276081860243664, -0.033421435340523775, -0.031792288862749984, -0.03346763323316848, -0.03234590009818228, -0.04194099543713814, -0.04046510647391033, -0.04815596066936756, -0.0568315939009032, -0.05524352190334614, -0.042791236648815234, -0.04674661304897998, -0.037423733923550806, -0.0291214048433992, -0.023709659309765208, -0.04320301197014631, -0.04469624578555509, -0.0498301320028689, -0.062376957488667895, -0.06013159218587372, -0.0433630135066273, -0.05024695490692255, -0.057623548278547876, -0.055847501121972565, -0.06077109476360354, -0.04114790112983302, -0.04955212777165863, -0.047690860752079844, -0.04989480904863908], "close": [0.0, 0.00263678699319958, 0.0008069752349912918, -0.007563093052911807, -0.0041368946586824995, -0.012092420340547916, -0.017763306504161358, -0.014082378223773895, -0.02753837658563918, -0.033791448886941744, -0.026737833855014048, -0.019884077595783367, -0.016027089228422664, -0.010155051623203959, 0.0012170942680205243, -0.008560218963183153, -0.01663543789998334, -0.028294612947175724, -0.03419418072742242, -0.028648054484162633, -0.03041003953148924, -0.019927426283625982, -0.030248669347441526, -0.03801637531957003, -0.029660859289290298, -0.03350986613380602, -0.022989602669648224, -0.018641145530201353, -0.03370852313959627, -0.029002931148156108]}, "ratio_buttom": {"high": [0.02941170970736562, 0.01805285163373438, 0.013753266862567948, 0.012276301167921888, 0.011793778495033935, 0.009999944321655407, 0.012391671544672134, 0.005836598400157378, 0.0059113716129763905, 0.013824894007556487, 0.019376174403056723, 0.011982533008765728, 0.012676510915753836, 0.006535889318931343, 0.02140670753856222, 0.022941981078895335, 0.025952934331211708, 0.017587651136448113, 0.016022666259411844, 0.009690576296864206, 0.006554278354308218, 0.0011185938871607348, 0.0022302525242299254, 0.011663086920638666, 0.0025576033943977006, -0.000803231247794356, 0.0015345620366384871, -0.005600748799458155, -0.004153682386051516, 0.0], "low": [-0.019841184026711534, -0.025342775990260247, -0.031645490669483634, -0.032482568061314, -0.033374533477622204, -0.03455720262751549, -0.03183521937008915, -0.040214502573833966, -0.0342620150885371, -0.027434816229312986, -0.029182992000787333, -0.03293163597906812, -0.03157896744577504, -0.033928892218947126, -0.029411804117141727, -0.02979313456081112, -0.026575471644293303, -0.03066632581473938, -0.03348071607868408, -0.03815383911132808, -0.03995162123474727, -0.0390059786307797, -0.04483007150971419, -0.05109966298428792, -0.040841932052746444, -0.04176615473627321, -0.04201541538105369, -0.045137597880232194, -0.05868806672428217, -0.041908482437943206],