{"quant_buttom": {"high": [0.0410178557717118, 0.02369385321552464, 0.02284682445578845, 0.02223042295083677, 0.0224439802931915, 0.024624342151126077, 0.028660671811428173, 0.031160315402769756, 0.030299102564763647, 0.034081170225781277, 0.0355411976819886, 0.034484234077179154, 0.03619692516928996, 0.03719360877175193, 0.04215926329956132, 0.04002512045788542, 0.04264236131401433, 0.04751077248688862, 0.05017066015195826, 0.053131091441100065], "low": [-0.0271288198389823, -0.03355508153122688, -0.032934698964976694, -0.02990291830582592, -0.030552796187228948, -0.02822259524075421, -0.025479083466933505, -0.022649666946414238, -0.020257657071176105, -0.018196585577397117, -0.018231490286686358, -0.016915791678276282, -0.014583145067366132, -0.013929541475993124, -0.011289828069577124, -0.00971112399730445, -0.0073125223972492215, -0.003802264981771719, -0.002380431055297061, 0.001756438338277988], "close": [0.0, -0.005203233798947382, -0.0035919233910275405, -0.005337704757166883, -0.001844569269542684, -0.0009718668950072784, 0.00323929561282843, 0.004317327369642188, 0.005683440608394541, 0.007951786663972893, 0.008348090588613966, 0.00908987486152979, 0.01164787399858902, 0.013076985430670485, 0.016315224080247548, 0.014561368673385644, 0.01947317438568885, 0.02213252893574169, 0.025333907742755457, 0.026878079654167664]}, "quant_top": {"high": [0.02393593852590392, 0.03757468518379126, 0.03547295583226506, 0.03155908682290964, 0.03185595140237485, 0.031376022613505805, 0.03029325399582916, 0.02917266523369899, 0.02936091331300572, 0.029869256966155833, 0.031832220818729606, 0.0339787302940493, 0.033508076118258234, 0.03377042821673548, 0.03274424102763551, 0.03289599638448992, 0.03561311897104269, 0.03560164429550805, 0.03854453220795451, 0.042235813267484046], "low": [-0.05110180141412801, -0.030425025830644548, -0.03023623558543509, -0.030183004928197255, -0.029874423632903047, -0.028296694500674735, -0.02943471690995736, -0.02925086264722998, -0.02580132964258286, -0.02542421870873246, -0.02321517032334408, -0.022205891450515103, -0.02254640902519567, -0.01972144580360813, -0.019850510295399415, -0.019988686254171606, -0.019117912101328516, -0.016172747401992926, -0.014811196834682794, -0.011137544608231909], "close": [0.0, 0.0033852968213696766, 0.0008835181871544862, 0.001162664566973337, 0.0007209102159966285, 0.00023852114042788308, -3.131641548126396e-05, 0.0009062302257500932, 0.0018926784739090596, 0.002537026754513505, 0.0062114586951291795, 0.006485821745837894, 0.0043458555127142695, 0.007470333890995384, 0.008286540140207022, 0.0089226311722308, 0.006725856237215444, 0.010715918722835616, 0.01441405562372089, 0.016297802054283883]}, "ratio_top": {"high": [0.02881014435721929, 0.041760401970188266, 0.03879430526822536, 0.027285338349329225, 0.027526647596798792, 0.029135089675186077, 0.02373647294666359, 0.02072279846423397, 0.02086180071799637, 0.02012677465659074, 0.025405733650714746, 0.023228923959913494, 0.021007819004810635, 0.02486544294639481, 0.026607755682862333, 0.022559657250894594, 0.02306644019155013, 0.02027911155239681, 0.020298791805881677, 0.0259567729012129], "low": [-0.05968173072047278, -0.03522489431562992, -0.03894130513524796, -0.03878235882294978, -0.037512316672643764, -0.03557531753240173, -0.04022350631168026, -0.038871711017378074, -0.040181534626361426, -0.039938461971530836, -0.03797207190003471, -0.036210757616581324, -0.03899451495995643, -0.0351899582909988, -0.032383586014673615, -0.03467939621781957, -0.03534330454629875, -0.03630667823657663, -0.034912853646173025, -0.03067217806408451], "close": [0.0, 0.002238482615482429, -0.004255614206536418, -0.007140354886485678, -0.0031751963772481684, -0.005633351070770121, -0.009305040349673499, -0.008202193300966942, -0.009446309655899654, -0.010057316215512757, -0.005880874450656992, -0.007784855721465478, -0.008828686756739645, -0.0019534323473334725, -0.0028606188935836885, -0.006919117469263325, -0.006548341806526192, -0.008071955361685146, -0.005447178807962527, 0.00016463046673487192]}, "ratio_buttom": {"high": [0.043289044841142266, 0.022965118072677537, 0.020623310345881718, 0.018088878337456205, 0.017149546184921816, 0.015988475365323662, 0.016179450184731214, 0.013753744169012094, 0.015009537171119192, 0.018165242472562015, 0.017026460147861577, 0.022381099420900608, 0.026421425177181934, 0.029386589992218548, 0.029075580405950596, 0.02845737231166634, 0.03217074561384625, 0.03199410341348208, 0.0339699335290109, 0.032220871698341425], "low": [-0.027572877433826748, -0.0341295087811595, -0.03471304791301277, -0.03601158875415478, -0.03587977712615553, -0.03496578941661521, -0.034378839171010256, -0.03754183308032699, -0.035920820091160266, -0.03250585441068499, -0.03348030563848858, -0.02985891632827864, -0.025764468267370222, -0.025231142113139038, -0.024199799233173502, -0.02497792100424978, -0.02166449627810252, -0.01904750822443324, -0.01935676711594103, -0.01729846985690764], "close": [0.0, -0.007490180702988902, -0.007856310773936004, -0.009215472970092065, -0.00936622747536997, -0.007236344203380263, -0.011060464432534167, -0.01223399121682367, -0.008747637358969551, -0.008317576272209193, -0.006784769936952539, -0.0020193493884300695, 0.0019981865920404296, 0.001801552220028535, 0.0009922430323650033, 0.0019375703549651124, 0.006378982212540407, 0.005683856528665432, 0.00836759334760484, 0.005678853715087806]}}