{"quant_buttom": {"high": [0.04176822443434203, 0.0233652170455263, 0.022092645561498703, 0.021459881140492465, 0.021545793722000717, 0.02372354047519165, 0.02789933129972111, 0.030326950880023018, 0.02869492031998777, 0.03194278970865594, 0.03450497843538103, 0.032954131137509224, 0.03446089142812858, 0.036053709866864736, 0.041046071974254694, 0.03843660613082678, 0.04040954488318649, 0.04448313566162376, 0.04641079805870718, 0.05014950924723416, 0.04922820927662941, 0.0512184629279242, 0.053312705680069294, 0.05473062872484857, 0.05510169658230346, 0.055412813780262304, 0.05608632054410756, 0.057578786297086015, 0.05455105675020344, 0.055570407792794096], "low": [-0.027184227192806554, -0.03415016705135965, -0.03400067682986985, -0.031114478393202694, -0.03180569277990786, -0.029698002180825966, -0.026520240317706167, -0.024239587594531375, -0.02201486819266374, -0.020593309794612602, -0.01970941496962475, -0.018646031252064987, -0.016843291491373424, -0.015628918336951236, -0.012453970727364205, -0.011443775451264182, -0.009522660088541302, -0.006829954084081269, -0.005687643627482752, -0.0018154093651254755, -0.0035927915328760607, -0.000864644227560718, 0.0023832927673435034, 0.0003306822282134192, 0.0037761424460678317, 0.005135552584927705, 0.005097772925079624, 0.007169194627955067, 0.0054594625439914335, 0.006250825082187994], "close": [0.0, -0.005755426257469054, -0.004824840604834679, -0.006279134634349259, -0.0030092151689804503, -0.0019672397856196344, 0.002218752035843208, 0.003057851842226178, 0.003793111096714874, 0.006102765605256355, 0.00679821087484167, 0.007334784227344349, 0.009754308575167903, 0.012021911249914252, 0.015013337738651433, 0.0127077167214662, 0.016521493588594005, 0.019062220256370388, 0.022138449854678832, 0.023468329480710093, 0.021982981893756026, 0.02617112604852201, 0.027167488473208268, 0.02752492309604082, 0.030922267147592386, 0.03007016670848639, 0.03085363978816713, 0.03167228861208127, 0.03010739883942981, 0.031675894513194525]}, "quant_top": {"high": [0.023957495156080144, 0.03723329449612156, 0.03636924706597733, 0.03247365400600222, 0.032438116674795126, 0.031836849918311705, 0.032363861594563836, 0.031952668570570664, 0.032428884032005945, 0.03263310754819737, 0.03514072442423455, 0.037607147045616296, 0.036657386231725875, 0.037126620144067646, 0.036246259380869006, 0.037439637329446995, 0.039628494048635554, 0.03895183905644428, 0.04221646477392205, 0.04606931156386396, 0.04608649834308998, 0.048580201889835806, 0.04869445020023577, 0.050621617158423726, 0.05135364274034204, 0.052194600424584126, 0.0526710792231917, 0.05190623132950112, 0.05269959174587835, 0.05454702051958127], "low": [-0.05141567093745869, -0.03083828432139557, -0.030398282943077115, -0.029874383965297402, -0.030548294034137835, -0.02840593782665457, -0.028749639589630505, -0.02746969129590593, -0.023814668292760466, -0.023609110529934085, -0.020982558164660325, -0.019592336152089218, -0.019760175449173634, -0.016836578333288776, -0.016796288424633543, -0.01621396313562251, -0.015699018328016012, -0.013030346641611734, -0.011878182652148572, -0.007961574817658246, -0.006427145807410439, -0.004197884716153011, -0.0019372454509114512, 0.0006820709653143631, -0.0012538072342711537, 0.0006507099954715656, 0.0013692836891427973, 0.0010991308780352593, -0.0009676667413678341, 0.004216696736946135], "close": [0.0, 0.003592788461797669, 0.001239146291758253, 0.0015815994892087737, 0.0006570228361970631, 0.000977150457728726, 0.0015344114435760225, 0.0034278189204997034, 0.004351858785732299, 0.004995692380406647, 0.009229762255172247, 0.009446320119134599, 0.0073901793310549024, 0.010452410171372328, 0.012105896740063349, 0.012935764766155877, 0.010189951886646398, 0.013649397438729727, 0.01780346766557339, 0.019967797158989997, 0.019721661494272125, 0.023452811612305613, 0.023211707357802647, 0.025880505368190754, 0.024792569392964925, 0.0256166403683864, 0.027061475815282066, 0.02399296906827786, 0.026501812880599163, 0.028842671094148065]}, "ratio_top": {"high": [0.028569355607347635, 0.042746229378885614, 0.03936648054282599, 0.02836054632551832, 0.028719133242163464, 0.03049268850756448, 0.026136434351702764, 0.02387962686720324, 0.02438228781709273, 0.023457192068087718, 0.029280226697402822, 0.027663216560910087, 0.025315419441359843, 0.029483878352250636, 0.03099216043688857, 0.027996317480465827, 0.028338974612604817, 0.025075525666060416, 0.024477932750741838, 0.029939627384770517, 0.03399998480782407, 0.03428668121047296, 0.03209144777964168, 0.030328373417101817, 0.028974481661936835, 0.029091623671477107, 0.029304586592811654, 0.030098926106486346, 0.03030465306434582, 0.029564683879834464], "low": [-0.06022047386920015, -0.0344282403491708, -0.03774581464556326, -0.03780296009578854, -0.03710645712938765, -0.03438311957467244, -0.038560805928833264, -0.03629732168353905, -0.037155064091008105, -0.03695370902740147, -0.03498328614265511, -0.03249582482888902, -0.03487929587466243, -0.03146061833647529, -0.02809375433504846, -0.029986857362597763, -0.03052802345903116, -0.03140835218320581, -0.030618551102056468, -0.026926518323326376, -0.025238040754006374, -0.02312965777326159, -0.02290412487395954, -0.025948381464253045, -0.025178787195379804, -0.025906103403717018, -0.025070144271621686, -0.02218894150775963, -0.025521322305511185, -0.024596328859437744], "close": [0.0, 0.0036466821574934194, -0.003610479346686679, -0.006350316276314993, -0.0020039263506297367, -0.0041632484618578935, -0.007152910743884799, -0.004893035682998037, -0.006026403354038479, -0.007169163210029583, -0.0021499291282317534, -0.003585291947414304, -0.004806779330852162, 0.002364455196621762, 0.0015509058230780415, -0.0018599076072889353, -0.0012943673240415343, -0.0035153026703973467, -0.0017909035459579004, 0.0044157182556372465, 0.004631775778571434, 0.006450694367765353, 0.00358639085700041, 0.00237885343574451, 0.002344752602938538, 0.00036155162118456374, 0.003486342537514009, 0.003445921532917895, -0.00023120095406747865, 0.005710193681001119]}, "ratio_buttom": {"high": [0.044158449474303696, 0.0233270866473414, 0.020788283695621024, 0.018276885144112187, 0.016453180967293646, 0.015069015082011195, 0.015140324286986306, 0.012261210759844321, 0.013351622233736427, 0.01543997002250963, 0.01499728957948121, 0.020029106844388966, 0.023487215241623227, 0.027114816101404093, 0.02627778098038891, 0.025876777592646505, 0.02966678840713799, 0.02881693044412592, 0.03041971865483828, 0.029039822401099258, 0.02685285388520975, 0.024132347848075053, 0.02238029853662482, 0.022979486514730363, 0.021044262960497218, 0.024022744196439794, 0.025116550340265498, 0.025537806384332562, 0.025156035351340922, 0.021132063265914436], "low": [-0.027590006356732144, -0.03463496567818314, -0.03470683129729579, -0.03616553077676887, -0.036817020762359265, -0.03631207175292683, -0.03575659844434709, -0.03964320206028227, -0.03847351724879955, -0.035449271421561956, -0.03551578300898983, -0.03258333778073519, -0.02919744677508007, -0.02805926873061826, -0.02700545347245842, -0.027462887019888638, -0.02428049587505221, -0.02243450957202975, -0.022872348829894418, -0.02087131700500322, -0.02343243749489543, -0.027588823781696692, -0.030154577309175812, -0.029440193081567312, -0.027786687761072515, -0.025478862825215387, -0.02455132304383567, -0.023463919104188102, -0.023993803175121564, -0.024908512247936665],