{"quant_buttom": {"high": [0.029892876499119314, 0.01851850099804664, 0.01665705798287065, 0.01892093715727694, 0.011515809267855337, 0.015697589444112037, 0.014956402780053724, 0.017642511274376105, 0.016228107526950142, 0.01804882142601949, 0.013324661726115128, 0.017690747819857355, 0.014694159150137498, 0.02135346935368898, 0.03109868047257125, 0.02572712602977334, 0.03501594714082468, 0.03447087184109776, 0.032289619871212816, 0.04475016270484744], "low": [-0.02010048324690139, -0.02515181259611754, -0.0272401922186275, -0.02280128168239337, -0.03052497386710995, -0.030228506268982436, -0.02543774186056158, -0.028487225261239146, -0.024909822809570104, -0.02196653022274575, -0.024604545707858083, -0.027599506243996097, -0.025663796679120554, -0.02504002180291509, -0.020000024275346195, -0.01687547525216404, -0.008746347173728353, -0.008746347173728353, -0.007963560310353168, 0.004474268873658316], "close": [0.0, -0.002441942016365717, -0.0026288718825331348, -0.005633854923457804, -0.009090943769975324, -0.005918038605140841, -0.003129887534334741, -0.0011391544929728603, -0.005193065050684398, -0.002122320116188181, -0.004267371868897252, -0.0032448556165282083, -0.0054625660781700835, 0.0030682416264908863, 0.0033736606440888384, 0.0031521002448318125, 0.01123594452133525, 0.009339088629913839, 0.015659994395296417, 0.021986351105296897]}, "quant_top": {"high": [0.013378000899104014, 0.031011723842682137, 0.02404687538514083, 0.022970844366125398, 0.02189007056548986, 0.02321605928891124, 0.01315784703845102, 0.017374547407418728, 0.019459737561117185, 0.015535124902259279, 0.026456764635994334, 0.026761836727384525, 0.03060465967932413, 0.02359882005899716, 0.026833562510875986, 0.019916158233640013, 0.021582678530344346, 0.013611580063465079, 0.01608781298115547, 0.007481251684226198], "low": [-0.044998422590654785, -0.024320401290884863, -0.02270966562979282, -0.02798509172220498, -0.02743384015694561, -0.0261714736680575, -0.02895745627435331, -0.029605284805626075, -0.02213623052479352, -0.028678734255094707, -0.031023387076199005, -0.018436357072323495, -0.010462064757228218, -0.017380424860993005, -0.021452133164915788, -0.019706705370751032, -0.017090800009243234, -0.02663027184242961, -0.02930821159640251, -0.033843577071484], "close": [0.0, 0.0012422644573708563, 0.000547357888958766, -0.0005912047496643424, -0.0038036422379098545, 0.0011046925307571787, -0.009428959412694282, -0.005699523460165223, 0.000194897433553054, -0.004316508459640267, 0.0037674755173118246, 0.00915754402665403, 0.004620504967730588, -0.0011673419066829949, 0.002511596679687589, 0.0023598820058996495, -0.001666704813639286, -0.001821448535805903, -0.018704984341216147, -0.017153213295142522]}, "ratio_top": {"high": [0.018294611555215834, 0.03415830654306662, 0.03162480796650624, 0.022107501529375462, 0.016670542256498333, 0.014909803245764186, 0.005800415910152346, 0.007904818235747513, -0.002234749648580836, -0.011435433375746262, -0.0033030450018483037, 0.001913178285767314, 0.010816023426094112, 0.013209374306082822, 0.014350212057822498, 0.01081851066868822, 0.004536444150411212, -0.002868324778034337, -0.013837852189921507, -0.00815315530294658], "low": [-0.05660159032482048, -0.0305790276987552, -0.033746225771602134, -0.03201296168444978, -0.03346763323316848, -0.03234590009818228, -0.04284375001611562, -0.04143881439676056, -0.050092606596937705, -0.058029868926578465, -0.057040083105426964, -0.04335791582706672, -0.04908277605699318, -0.03914126879755031, -0.0366703415916374, -0.03395278381491251, -0.04530153852396146, -0.049780342989855675, -0.05395670129558239, -0.062458792885581316], "close": [0.0, -7.279119249581356e-05, -0.0013562995286322543, -0.007563093052911807, -0.0041368946586824995, -0.012092420340547916, -0.01993365477028952, -0.01501033587078826, -0.02802969231244168, -0.03418365776657062, -0.028070179997757183, -0.021109333654885765, -0.016899427783479082, -0.011435522235835771, -0.009795139424770505, -0.012325826147546737, -0.019749275187569415, -0.033061932410083594, -0.03419418072742242, -0.034121174580986735]}, "ratio_buttom": {"high": [0.02833327575259803, 0.016286629773138106, 0.013490793062236328, 0.012499999999999956, 0.011943794898010784, 0.0107954846556515, 0.013037797084467284, 0.007106985702768132, 0.009440752102030991, 0.014676749411755674, 0.020214762878489, 0.016867468525937568, 0.01577285524066574, 0.013536455322531449, 0.030245718065385896, 0.023147582561581448, 0.028571401323590928, 0.02057611149904548, 0.020018636607988194, 0.014736878244500318], "low": [-0.019841184026711534, -0.025284073021540343, -0.03152494826631591, -0.032147336367470025, -0.032374087885961855, -0.03145648182638183, -0.03035410346530354, -0.03124991403175914, -0.032171614842905205, -0.02654868899744267, -0.027322336026204153, -0.027385168735207688, -0.030000050862630245, -0.03125, -0.027429815954448267, -0.02940755183379329, -0.020772746420412935, -0.026429835891161102, -0.030190687993635223, -0.03696500260015423], "close": [0.0, -0.007852338201427167, -0.010430237667573783, -0.01241073692661998, -0.00642110622094727, -0.007496454530420582, -0.012776942530700275, -0.013126450498215148, -0.012269927283794058, -0.0010080875811414591, -0.008758379989430187, -0.00846906261955882, -0.007536637588614892, -0.008421044600637306, -0.0057522595540232535, -0.00029866036814507613, -0.000613333283415618, -0.0033333460066051757, -0.0036629712464267827, -0.01443200523970345]}}