day,open,high,low,close,volume,lev_buy,lev_sell,rzmr,incre,vol_,vol_sum,lev_ratio,lev_ratio_max,lev_ratio_is_max,high_max,positive_return,vol_chg
2022-02-24,119.41,121.34,113.12,113.12,9281978,169388810.0,43692.0,52040853.0,-0.10000795608242496,-9281978.0,-34234564.0,0.04782611532463259,0.08994205320605031,1.0,155.0,0.1786458333333334,0.3834651904378037
