day,open,high,low,close,volume,lev_buy,lev_sell,rzmr,incre,vol_,vol_sum,lev_ratio,lev_ratio_max,lev_ratio_is_max,high_max,positive_return,vol_chg
2020-12-22,14.04,14.12,13.65,13.69,2840541,243231843.0,47800.0,4123257.0,-0.027007818052594224,-2840541.0,216766927.0,0.10454263893483669,0.2816115681487988,1.0,14.89,0.056646525679758364,0.3238501149188928
