day,open,high,low,close,volume,lev_buy,lev_sell,rzmr,incre,vol_,vol_sum,lev_ratio,lev_ratio_max,lev_ratio_is_max,high_max,positive_return,vol_chg
2019-10-11,7.3,7.34,7.26,7.32,3274507,63700754.0,0.0,3666432.0,0.0,3274507.0,22548237.0,0.15338216070514116,0.2520562685235694,1.0,7.77,0.07848837209302317,0.20317101697064777
