day,open,high,low,close,volume,lev_buy,lev_sell,rzmr,incre,vol_,vol_sum,lev_ratio,high_max,pre_close,postive_return,chg1,chg,chg_max,vol_chg,vol_chg_max,vol_chg_comp
2022-03-16,6.19,6.3,5.91,6.29,340595882,2222213514.0,2853553.0,181853798.0,0.03453947368421062,340595882.0,3222979796.0,0.08745755152753695,6.54,6.08,0.056542810985460434,0.016155088852988664,0.03453947368421062,0.07317073170731703,0.7898139964602346,0.3052727249357208,2.587240627627445
