day,open,high,low,close,volume,lev_buy,lev_sell,rzmr,incre,vol_,vol_sum,lev_ratio,high_max,pre_close,postive_return,chg1,chg,chg_max,vol_chg,vol_chg_max,vol_chg_comp
2022-03-16,10.9,11.22,10.1,10.92,33221232,187336078.0,17242827.0,19336250.0,0.0009165902841430373,33221232.0,4333811.0,0.05460083868821933,12.46,10.91,0.143119266055046,0.0018348623853210455,0.0009165902841430373,0.09834710743801645,1.3803430688986502,0.4112921401531431,3.3561134146270937
