day,open,high,low,close,volume,lev_buy,lev_sell,rzmr,incre,vol_,vol_sum,lev_ratio,high_max,pre_close,postive_return,chg1,chg,chg_max,vol_chg,vol_chg_max,vol_chg_comp
2022-01-06,14.47,15.8,14.36,15.09,105609733,473268663.0,48441054.0,152779634.0,0.03854094975911915,105609733.0,435156165.0,0.0959312667156443,15.5,14.53,0.07118175535590865,0.0428472702142364,0.03854094975911915,0.04457225017972677,3.789513469704584,0.4887131579315862,7.754064747802573
