day,open,high,low,close,volume,lev_buy,lev_sell,rzmr,incre,vol_,vol_sum,lev_ratio,lev_ratio_max,lev_ratio_is_max,high_max,positive_return,vol_chg
2022-03-09,14.01,14.06,13.05,13.68,36447899,519746491.0,48550127.0,56230184.0,-0.024251069900142697,-36447899.0,129629129.0,0.11381447089984269,0.18035011099165196,1.0,16.79,0.12147335423197503,0.2951961614963645
