day,open,high,low,close,volume,lev_buy,lev_sell,rzmr,incre,vol_,vol_sum,lev_ratio,lev_ratio_max,lev_ratio_is_max,high_max,positive_return,vol_chg
2021-10-20,152.59,164.79,152.59,160.19,3507856,152008593.0,41300.0,25760477.0,0.05381224919413197,3507856.0,-135076.0,0.04627672148315213,0.12928083419833736,1.0,164.79,0.03563636363636369,0.551616528466017
