day,open,high,low,close,volume,lev_buy,lev_sell,rzmr,incre,vol_,vol_sum,lev_ratio,lev_ratio_max,lev_ratio_is_max,high_max,positive_return,vol_chg
2021-07-26,39.16,39.36,37.73,38.01,2844368,970492661.0,710229.0,33818645.0,-0.027130790888149514,-2844368.0,13801778.0,0.30846249625498573,0.39790408347149003,1.0,42.36,0.025149700598802394,1.0497845859262807
