day,open,high,low,close,volume,lev_buy,lev_sell,rzmr,incre,vol_,vol_sum,lev_ratio,lev_ratio_max,lev_ratio_is_max,high_max,positive_return,vol_chg
2020-10-22,64.89,65.05,62.6,64.03,1630175,170793838.0,0.0,12511431.0,-0.011882716049382624,-1630175.0,7088459.0,0.12024912726184463,0.13409282723730334,1.0,66.36,0.08479385745284596,1.1840083950760487
