day,open,high,low,close,volume,lev_buy,lev_sell,rzmr,incre,vol_,vol_sum,lev_ratio,high_max,pre_close,postive_return,chg1,chg,chg_max,vol_chg,vol_chg_max,vol_chg_comp
2021-12-16,112.74,116.5,107.23,115.0,1586341,41449064.0,254561.0,4088243.0,0.013215859030837107,1586341.0,17946714.0,0.023038061104928165,,113.5,,0.02004612382472959,0.013215859030837107,0.05871029836381125,0.8600579584114862,0.32707431394584563,2.6295490710832397
