day,open,high,low,close,volume,lev_buy,lev_sell,rzmr,incre,vol_,vol_sum,lev_ratio,high_max,pre_close,postive_return,chg1,chg,chg_max,vol_chg,vol_chg_max,vol_chg_comp
2021-10-13,32.44,34.85,32.44,34.37,766404,29942996.0,94668.0,731275.0,0.05267993874425714,766404.0,-20915803.0,0.02835975215805372,36.34,32.65,0.1202219482120841,0.05949445129469799,0.05267993874425714,0.04810495626822153,2.6274385327283887,0.45598156389722944,5.762159571259703
