day,open,high,low,close,volume,lev_buy,lev_sell,rzmr,incre,vol_,vol_sum,lev_ratio,high_max,pre_close,postive_return,chg1,chg,chg_max,vol_chg,vol_chg_max,vol_chg_comp
2021-09-28,51.99,57.24,51.55,55.56,2837566,44134340.0,1657987.0,13488265.0,0.06641074856046059,2837566.0,-4591922.0,0.08738786658978386,71.58,52.1,0.37680323139065197,0.0686670513560299,0.06641074856046059,0.17432646592709988,0.9584267080573401,0.40404031653531836,2.3721066161811137
