day,open,high,low,close,volume,lev_buy,lev_sell,rzmr,incre,vol_,vol_sum,lev_ratio,high_max,pre_close,postive_return,chg1,chg,chg_max,vol_chg,vol_chg_max,vol_chg_comp
2021-12-17,79.74,82.0,78.3,81.51,1886989,133606966.0,451067.0,6838696.0,0.013679890560875707,1886989.0,-4169768.0,0.045216860314869975,,80.41,,0.022197140707298946,0.013679890560875707,0.11348448687350832,0.986046371172135,0.46201789997032483,2.134216815485868
